"uf","date","admin1_cases","median","lower_50","upper_50","lower_80","upper_80","lower_90","upper_90","lower_95","upper_95","absolute_error","squared_error"
"AC",2024-10-06,76,44,25,187,11,1917,7,1917,6,1917,32,1024
"AC",2024-10-13,76,60,27,1917,20.7,1917,9,1917,7,1917,16,256
"AC",2024-10-20,88,56.5,27,1917,18,1917,10,1917,5.975,1917,31.5,992.25
"AC",2024-10-27,104,67.5,35,1381,20,1917,13,1917,6,1917,36.5,1332.25
"AC",2024-11-03,97,75,35,487,18,1917,12,1917,8,1917,22,484
"AC",2024-11-10,138,58,30,300,18,1917,8.95,1917,4,1917,80,6400
"AC",2024-11-17,183,82,30.75,300,20,849,12.95,1917,8,1917,101,10201
"AC",2024-11-24,193,82,30,300,20,849,11,1917,4,1917,111,12321
"AC",2024-12-01,265,195,40,679,21,1196,12,1399.99999999998,4,1917,70,4900
"AC",2024-12-08,375,258,52.75,896,22,1174,12,1399.99999999998,4,1917,117,13689
"AC",2024-12-15,419,231.5,69,514,20,1105,12,1791,5,1917,187.5,35156.25
"AC",2024-12-22,436,195,51.75,474,20,914,10,1791,4,1917,241,58081
"AC",2024-12-29,505,153,59,531,27,1105,11.95,1831,8,1917,352,123904
"AC",2025-01-05,540,116,56,512,27,1459,13,2060,7,3213,424,179776
"AC",2025-01-12,536,116,75.75,374,30,1013,16,1950.95,8,3409,420,176400
"AC",2025-01-19,629,126,67,445.75,30,1192.5,13,2078,8,3409,503,253009
"AC",2025-01-26,664,191,79,386,30,1013,13,1459,9,3409,473,223729
"AC",2025-02-02,670,220,71,477,30,1013,13,1459,9,3217,450,202500
"AC",2025-02-09,601,213,85,656,30,1028,12,1457,4,2535.675,388,150544
"AC",2025-02-16,665,195,85,658,38,1013,19,1189,4,2337.625,470,220900
"AC",2025-02-23,580,170.5,85,481.25,38,938,17,1189,7,2114,409.5,167690.25
"AC",2025-03-02,370,194.5,85,689,40,981,14.9,1458.8,4,3217.9,175.5,30800.25
"AC",2025-03-09,382,132,86,506.75,47.9,938,21.95,1493,5,2078.9,250,62500
"AC",2025-03-16,422,86,70,231,39,696.2,18,1218.05,5,1899.3,336,112896
"AC",2025-03-23,305,83,50,222,25,602,9,1149.3,5,2078.9,222,49284
"AC",2025-03-30,235,86,44,222,24,573,8,1213.4,5,2114,149,22201
"AC",2025-04-06,179,127.5,65,321,24,595,15.95,1537.95,5,2114,51.5,2652.25
"AC",2025-04-13,215,97,59.75,236,24,595,16,1494.6,6,2114,118,13924
"AC",2025-04-20,207,104,64,222,24,595,13,1429.05,4,2114,103,10609
"AC",2025-04-27,207,97,68,195,24,595,14.9,1450.25,5,2255.35,110,12100
"AL",2024-10-06,137,95,39,208,19,688,18,688,15,688,42,1764
"AL",2024-10-13,120,111,39,243,19,688,18,688,13,690.899999999999,9,81
"AL",2024-10-20,100,125,44,271,21,688,18,688,13,805,25,625
"AL",2024-10-27,106,123,47,271,21,688,16,688,11,805,17,289
"AL",2024-11-03,90,121,66,271,30,751,20.95,751,16.975,889,31,961
"AL",2024-11-10,77,106,62,198,31,605,20,805,17,1203.55,29,841
"AL",2024-11-17,64,113,62,401.5,26.9,864.2,22,1297,18,1297,49,2401
"AL",2024-11-24,54,115,77,380.75,32,825,23,1009.79999999999,17,1297,61,3721
"AL",2024-12-01,60,95,33,383.25,19,726,15,1006,15,1882,35,1225
"AL",2024-12-08,65,134,35,486,15,738,15,1761,13.975,2611,69,4761
"AL",2024-12-15,63,175,35,486,19,772,15,1882,11,4185,112,12544
"AL",2024-12-22,61,136,40.25,486,20.9,726,10,1126.74999999999,8,1934.34999999998,75,5625
"AL",2024-12-29,68,71,58,387,31,693.600000000001,14.95,1041,8,1761.55,3,9
"AL",2025-01-05,72,148,60,607,45,687,37.9,1459,34,4512,76,5776
"AL",2025-01-12,61,169,60,607,45,1238,34,4512,34,4512,108,11664
"AL",2025-01-19,43,178,60,607,34,1468.1,30,4512,30,4512,135,18225
"AL",2025-01-26,59,148,34,607,21,1238,14,4226.99999999999,14,4512,89,7921
"AL",2025-02-02,81,88,51,217,38.9,784.200000000001,28,2531,15.975,4512,7,49
"AL",2025-02-09,85,88,54,238,31,2114,15,2770,15,6444,3,9
"AL",2025-02-16,74,136,45,257,37.8,2114,28,4226.99999999999,16,10651,62,3844
"AL",2025-02-23,70,110,34,565,16,2114,16,2531,16,4219.49999999999,40,1600
"AL",2025-03-02,63,124,68,459,28,2114,20,2531,16,2780.47499999999,61,3721
"AL",2025-03-09,78,166,74,565,40,2114,20,2770,16,10651,88,7744
"AL",2025-03-16,115,192,103,441,34,2114,16,2114,6,2770,77,5929
"AL",2025-03-23,172,192,70,455,16,1897,6,2114,6,2587,20,400
"AL",2025-03-30,149,347,124,710,31,2114,16,2114,6,2587,198,39204
"AL",2025-04-06,132,528,217,1192,57.6,2114,44,2770,26,7540,396,156816
"AL",2025-04-13,147,616.5,236,1430,86,2114,44,2587,26,7540,469.5,220430.25
"AL",2025-04-20,224,581,236,1801.75,91,2114,48,2587,30,7595.52499999995,357,127449
"AL",2025-04-27,162,581,261,1430,79,2114,52,2533.8,40.975,7540,419,175561
"AM",2024-10-06,87,65,39,78,23,187,9,250,6,1917,22,484
"AM",2024-10-13,77,65,36,79,21,228,8,1917,5,1917,12,144
"AM",2024-10-20,92,65,41,93,18,202,8,274.799999999997,4,1917,27,729
"AM",2024-10-27,122,65,31,107,9,161,4,238,3,1917,57,3249
"AM",2024-11-03,89,54,30,78,12.9,140,4,228,2,1917,35,1225
"AM",2024-11-10,70,41,26,103,6.90000000000001,138.2,2,216,0,389,29,841
"AM",2024-11-17,132,53,28,118,4,204,2,353,2,436,79,6241
"AM",2024-11-24,96,53,26,118,4,204,2,389,2,506,43,1849
"AM",2024-12-01,141,54,19,134,3,204,1,436,1,440,87,7569
"AM",2024-12-08,128,45,16.75,134,3,204,1,353,0,440,83,6889
"AM",2024-12-15,102,81,16.75,156,3,196.2,2,325,0,440.949999999999,21,441
"AM",2024-12-22,108,84,24,158.5,5,256,2,389,0,597,24,576
"AM",2024-12-29,145,59,17,194,5,415,2,597.5,0,786.799999999999,86,7396
"AM",2025-01-05,160,96,32.5,198,8.90000000000001,607.8,6,1457,3.975,1509.24999999999,64,4096
"AM",2025-01-12,170,105,29.75,231,8,687,4,1457,3,3409,65,4225
"AM",2025-01-19,193,131,50.75,231,9,687,4,1457,0,3213,62,3844
"AM",2025-01-26,173,131,34.75,234.75,9,1013,6,1457,2.95,3409,42,1764
"AM",2025-02-02,177,225,55,519,11.9,3409,8,3409,4,4629,48,2304
"AM",2025-02-09,219,180,54,484.5,8,2333,1,3409,1,3409,39,1521
"AM",2025-02-16,199,141,54,430.75,6,1525,3.95,3409,1,3409,58,3364
"AM",2025-02-23,174,120,44.5,276,8,1014.7,4,3409,2,3409,54,2916
"AM",2025-03-02,221,140,65,348,8,2114,4,5353,0,5353,81,6561
"AM",2025-03-09,276,185,85,342,13,1183,4,3213,1,4629,91,8281
"AM",2025-03-16,200,186,81,342,10,811,4,2114,1,3409,14,196
"AM",2025-03-23,250,136,68,307,8,666,4,1863,2,3409,114,12996
"AM",2025-03-30,281,106,59.75,304,8,533.400000000001,4,1691,2,3409,175,30625
"AM",2025-04-06,242,106,55,300,9,595,4,1389,2,2114,136,18496
"AM",2025-04-13,207,103,52.75,267,9,595,4,982.599999999999,2,2114,104,10816
"AM",2025-04-20,202,94,53,410,8,596,4,935.399999999998,2,2077,108,11664
"AM",2025-04-27,166,92,47,229,7.90000000000001,595,4,982.599999999999,2,2077.925,74,5476
"AP",2024-10-06,74,23,9,54,5,164,1,228,1,1917,51,2601
"AP",2024-10-13,70,14,5,54,1,204.600000000001,1,1917,1,1917,56,3136
"AP",2024-10-20,56,19,5,62.5,1,193,1,257,0,1917,37,1369
"AP",2024-10-27,56,28,8,65,3,133,1,238,0,1917,28,784
"AP",2024-11-03,29,33,22,59,8,107,3,228,2,364.45,4,16
"AP",2024-11-10,47,36,9,46,3,74,2,117.25,0,228,11,121
"AP",2024-11-17,31,28,9,46,5,53,2,70.05,2,140.225,3,9
"AP",2024-11-24,22,28,8,53,5,53,2,59.1499999999999,2,177,6,36
"AP",2024-12-01,26,19,4,32,1,53,1,53,1,159,7,49
"AP",2024-12-08,21,18,4,30.5,2,53,1,59,1,176,3,9
"AP",2024-12-15,27,18,6,26,2,53,1,63,0,161,9,81
"AP",2024-12-22,31,19,10,32,2,59,1,72.5499999999995,1,157.075,12,144
"AP",2024-12-29,47,11,6,59,2,144.1,1,260.2,0,597,36,1296
"AP",2025-01-05,96,18,8,63,3,268,1,938,1,1459,78,6084
"AP",2025-01-12,84,23,8,74,3,375.8,3,788,1,1459,61,3721
"AP",2025-01-19,110,22,11,68,3,526.5,0,938,0,1459,88,7744
"AP",2025-01-26,140,33,13,68,9,226.8,6,607,2,938,107,11449
"AP",2025-02-02,132,13,6,75,2,471,1,1013,1,2520.425,119,14161
"AP",2025-02-09,137,19.5,4,87,1,458.4,1,1013.85,0,2114,117.5,13806.25
"AP",2025-02-16,146,19,4,102,1,351,1,832.199999999996,0,1529.15,127,16129
"AP",2025-02-23,99,27,4,102,2,342,1,680,0,1390,72,5184
"AP",2025-03-02,70,17,8,113,4,350.700000000001,0,1013,0,1721,53,2809
"AP",2025-03-09,70,17,8,178,5,520,1.95,1359,0,2078,53,2809
"AP",2025-03-16,69,27,8,222,4,425,1,1361.5,0,2078.9,42,1764
"AP",2025-03-23,61,17.5,5,164.25,3,425,2,1459.45,1,2114.6,43.5,1892.25
"AP",2025-03-30,53,30,8,161,4,425,2,1429.95,1,2119.82499999999,23,529
"AP",2025-04-06,41,29,8,117,4,425,2,1279.8,1.975,2078,12,144
"AP",2025-04-13,55,39.5,8,100,4,342,2,940.149999999998,2,2078.9,15.5,240.25
"AP",2025-04-20,33,26,8,117,5,304,3,671,2,2077,7,49
"AP",2025-04-27,32,27.5,7,131.75,5,453,2,1061,2,2114,4.5,20.25
"BA",2024-10-06,278,134,74,197,35,325.6,20,437,14.95,504,144,20736
"BA",2024-10-13,310,136,71,194.25,25,378,16.95,462,11,574,174,30276
"BA",2024-10-20,291,137,84.5,196.25,34,378,18,462,13,605,154,23716
"BA",2024-10-27,307,138,85,238,34,372,17.9,462,11,605,169,28561
"BA",2024-11-03,331,132,71,232,35.9,462,18,504,11,605,199,39601
"BA",2024-11-10,306,139,80,248.25,32,563,20,605,17,805,167,27889
"BA",2024-11-17,366,191,93,443.5,33.9,719,23,889,17.975,890.374999999999,175,30625
"BA",2024-11-24,412,160,82,403,36,719,26,891.649999999998,20,1331,252,63504
"BA",2024-12-01,434,177,92,380,34.9,847,26,1044,19,1882,257,66049
"BA",2024-12-08,451,266,107.25,548,42,1044,26,1761,18,2909,185,34225
"BA",2024-12-15,437,324,141,772,38,1044,29,2909,22,4185,113,12769
"BA",2024-12-22,365,307,103.75,772,38,1044,28,2909,19,2909,58,3364
"BA",2024-12-29,477,229,66,756.75,37,1044,26.95,1783,11,2290,248,61504
"BA",2025-01-05,589,264,127,649,60,1570.7,42,2531,36,4512,325,105625
"BA",2025-01-12,683,524,148,761,71,2531,46,4425,34,4512,159,25281
"BA",2025-01-19,909,445,148,1016,71,2531,37.95,4512,34,4512,464,215296
"BA",2025-01-26,821,472,155,1238,43,2840,34,4512,14,4512,349,121801
"BA",2025-02-02,968,1238,259.5,2770,110,4425,65.65,4512,34,6432,270,72900
"BA",2025-02-09,1070,1612,477,3189,121,6034.20000000001,84.75,6432,36,6444,542,293764
"BA",2025-02-16,1103,1612,465.75,3689,131,6444,103,10651,73.85,10651,509,259081
"BA",2025-02-23,924,1031,335,2770,171.8,3922.60000000001,103,6444,84.9,10651,107,11449
"BA",2025-03-02,969,1160,407,1797,212,2770,178.45,5365,117.9,10651,191,36481
"BA",2025-03-09,1177,1435,421.5,2034,246,2783.9,205,5199,160,10651,258,66564
"BA",2025-03-16,1184,1406,415.5,2233,259,2770,206,4359,160,7540,222,49284
"BA",2025-03-23,1202,1819,1079.5,2495,407,3402,240.7,4968,191,7595.52499999995,617,380689
"BA",2025-03-30,1240,1852,952,2587,372,3552,245,5562.59999999997,204.75,14719.8499999999,612,374544
"BA",2025-04-06,1158,1534,1145,3086,268,3552,201.5,5218.9,162.95,10651,376,141376
"BA",2025-04-13,960,1534,1145,2595,235.9,3402,202,5274,164.95,10651,574,329476
"BA",2025-04-20,1369,1534,572,2342,206,3258,191.95,5846.64999999996,164.95,12492,165,27225
"BA",2025-04-27,1184,1534,654,2180,202,2965,192,4309.15,142,10651,350,122500
"CE",2024-10-06,60,191,76,271,34,445,29,605,18,605,131,17161
"CE",2024-10-13,64,128,71,271,29,414,26.95,605,17,605,64,4096
"CE",2024-10-20,61,128,71,271,61,372,27,605,19.95,605,67,4489
"CE",2024-10-27,37,128,76,290,66,414,33.75,605,20,605,91,8281
"CE",2024-11-03,46,121,76,443.5,34,605,17,605,13,605,75,5625
"CE",2024-11-10,53,176,80,605,34,605,17,605,14,605,123,15129
"CE",2024-11-17,83,130,66,484.5,24,605,20,605,16,944,47,2209
"CE",2024-11-24,55,103,48,266,40,605,22,605,16,777,48,2304
"CE",2024-12-01,47,266,92,303,48,847,31.95,847,24,847,219,47961
"CE",2024-12-08,32,194,74,266,64,303,27,847,18,847,162,26244
"CE",2024-12-15,45,161,71,266,38,303,22,605,15.95,847,116,13456
"CE",2024-12-22,18,175,71,196,28,303,23,605,14,847,157,24649
"CE",2024-12-29,35,98,77,182,37,454,19.95,1131,14,3670,63,3969
"CE",2025-01-05,64,130,60,148,41,472,41,1459,33,4031,66,4356
"CE",2025-01-12,78,157,77,589,41,868,41,1456,38.875,4212,79,6241
"CE",2025-01-19,82,472,130,607,52,1456,41,1456,19,1550,390,152100
"CE",2025-01-26,104,217,148,552,52,901.000000000001,34,1456,33.825,2432.525,113,12769
"CE",2025-02-02,72,317,184,542,110,1131,39,1459,34,2531,245,60025
"CE",2025-02-09,89,384,215,604,110,1060,41,2114,34,2580,295,87025
"CE",2025-02-16,106,478,245,629,155,1060,45,1615.9,37,2580,372,138384
"CE",2025-02-23,78,335,245,629,122,1148,41.95,1690,32,2580,257,66049
"CE",2025-03-02,99,897,298,1826,113.9,3600.8,62.9,9761,39,12596,798,636804
"CE",2025-03-09,166,1063,378,1826,149,4306,74,11994,42,18217,897,804609
"CE",2025-03-16,196,958,341,1826,192,2770,107,10651,57.925,12596,762,580644
"CE",2025-03-23,237,984,444,1852,202,3402,117,9761,64.95,12596,747,558009
"CE",2025-03-30,287,1150.5,477.75,1970,202,3552,117,10651,55,12596,863.5,745632.25
"CE",2025-04-06,258,1514,630,3319.5,222,12596,111,12596,93.95,12596,1256,1577536
"CE",2025-04-13,280,1430,586,3210.25,192.8,12596,100,12596,94,12596,1150,1322500
"CE",2025-04-20,343,1299.5,572,3258,164.6,12596,94,12596,85.975,12596,956.5,914892.25
"CE",2025-04-27,437,1151,476,2663,111,12596,94,12596,84.85,12596,714,509796
"DF",2024-10-06,179,33,26,125,14,359,13,435,11,469,146,21316
"DF",2024-10-13,158,33,20,125,13,365,13,469,11,469,125,15625
"DF",2024-10-20,203,33,13,125,13,365,10.95,365,8,469,170,28900
"DF",2024-10-27,261,50,21,125,11,236,10,365,10,469,211,44521
"DF",2024-11-03,325,103,24,133,17,174,10,319,10,365,222,49284
"DF",2024-11-10,323,103,24,140,22,216,17,373,11,590,220,48400
"DF",2024-11-17,469,50,26,128,22,216,16,380.099999999999,13.975,766,419,175561
"DF",2024-11-24,377,67,24,166,22,316,11,382,11,599,310,96100
"DF",2024-12-01,422,78,38.75,259,26,944,21.95,2468,16,2468,344,118336
"DF",2024-12-08,359,161,43,784,32,2468,18,2611,18,2611,198,39204
"DF",2024-12-15,335,161,43,548,30.5,2468,18,2468,18,2611,174,30276
"DF",2024-12-22,287,161,56,548,33,2468,18,2611,18,3680,126,15876
"DF",2024-12-29,353,216.5,70,1694.25,29,5545,11,8565,3.95,18361,136.5,18632.25
"DF",2025-01-05,402,404,162,833,45.7,1752,7,3884.79999999999,0,8713,2,4
"DF",2025-01-12,344,483,214,878,62,1752,18.8,3890.89999999998,0,8617,139,19321
"DF",2025-01-19,384,345,205.5,880,43,1752,0,3288.35,0,7644,39,1521
"DF",2025-01-26,394,629,214,1646,31,2936.10000000001,0,9794,0,10445,235,55225
"DF",2025-02-02,476,386.5,253,1405,48,4443,0,21745,0,22583,89.5,8010.25
"DF",2025-02-09,431,531,293,1379,76,2509,48.95,4025.79999999999,5,8149,100,10000
"DF",2025-02-16,455,468,202.5,1379,64,2908,7,4443,0,18462,13,169
"DF",2025-02-23,397,293,177,1099.25,76,2908,48,4443,0,15977.575,104,10816
"DF",2025-03-02,355,519,176,1989,52,3027,1.90000000000001,5766.74999999997,0,11654,164,26896
"DF",2025-03-09,413,519,130,2088,52,3874,0,8266.94999999994,0,11994,106,11236
"DF",2025-03-16,379,718,207,2088,53,4743.00000000001,6.90000000000001,10347,0,15684.1,339,114921
"DF",2025-03-23,346,1086,296,2908,78,9539,52,10347,1.975,15589.45,740,547600
"DF",2025-03-30,291,1086,341,3178,78,9539,39,10354.3,0,15736.0499999999,795,632025
"DF",2025-04-06,278,919,296,1363,78,3305,78,5581,49,12510.025,641,410881
"DF",2025-04-13,277,907,296,1237,78,3305,60,5581,39,6901.69999999999,630,396900
"DF",2025-04-20,352,722,167.75,1363,60,5581,0,5581,0,11921.625,370,136900
"DF",2025-04-27,354,630,195,1363,60,4417,8,5581,0,9928.12499999997,276,76176
"ES",2024-10-06,516,85,30.75,159,0,391.8,0,660,0,791,431,185761
"ES",2024-10-13,649,92.5,23.75,163,0,437,0,631,0,660,556.5,309692.25
"ES",2024-10-20,748,117,42,182,13,401.2,0,631,0,685.349999999998,631,398161
"ES",2024-10-27,647,128,37.5,182,11,437,0,633.199999999998,0,842,519,269361
"ES",2024-11-03,925,103,41.5,199,13,411.4,9.85000000000001,730,0,889,822,675684
"ES",2024-11-10,973,133.5,52,289,17,805,0,889,0,960.124999999999,839.5,704760.25
"ES",2024-11-17,1342,155,65.25,469,18,889,0,999,0,1120,1187,1408969
"ES",2024-11-24,1640,166,70,430,23,915.6,15.9,1120,0,1313,1474,2172676
"ES",2024-12-01,2106,156.5,70,454,13,931,13,1321.89999999999,13,1783,1949.5,3800550.25
"ES",2024-12-08,2687,215,94,546,26,1683,13,1882,12,2091.725,2472,6110784
"ES",2024-12-15,3252,263.5,107,676,43,1683,13,1882,11.975,2833,2988.5,8931132.25
"ES",2024-12-22,2781,277,102,676,32,1683,14.95,1882.65,11,3759,2504,6270016
"ES",2024-12-29,1836,312.5,92,1783,29,4432,11,7395,2.975,18361,1523.5,2321052.25
"ES",2025-01-05,1962,649,213.5,1459,26.1,2435,0,4419,0,8713,1313,1723969
"ES",2025-01-12,1982,717,214,1752,1,2963.10000000001,0,6218.24999999998,0,13135,1265,1600225
"ES",2025-01-19,2053,629,137,1548.75,0,1992.2,0,3655.6,0,5771.89999999999,1424,2027776
"ES",2025-01-26,1954,960,198,1752,0,2483,0,3883.49999999999,0,6467.95,994,988036
"ES",2025-02-02,1614,1839,304,2718,153.1,4015.7,34,5744.94999999999,0,12608.9,225,50625
"ES",2025-02-09,1339,1476.5,327,2739,191,4064,134.85,5918.04999999998,74,8162.97499999999,137.5,18906.25
"ES",2025-02-16,1430,476,192,2718,158,4015,112,5737,70.275,8708,954,910116
"ES",2025-02-23,978,448,247,2078,161,4015,156,5665,76,8708,530,280900
"ES",2025-03-02,909,519,137,1568,0,4310,0,7397,0,11438,390,152100
"ES",2025-03-09,964,420,4.75,1989,0,4792,0,7272.54999999999,0,8529.22499999999,544,295936
"ES",2025-03-16,975,611.5,206.5,2078,0,5632,0,7397,0,9674.24999999998,363.5,132132.25
"ES",2025-03-23,928,1691,255,3635,0,7397,0,8889,0,10350.65,763,582169
"ES",2025-03-30,947,1691,387,3635,71.7,8889,0,10347,0,15220,744,553536
"ES",2025-04-06,882,1477,366,3305,207,12251,161,17751,77.225,17751,595,354025
"ES",2025-04-13,922,1213,366,3305,242.9,12507.8,161,17751,85,17751,291,84681
"ES",2025-04-20,1004,1212,326.75,4968,195,13213,161,17751,85,17751,208,43264
"ES",2025-04-27,855,981,327,3227,201,12492,161,17751,124.9,17751,126,15876
"GO",2024-10-06,720,417,357,528,229,762,193,860,154.925,860,303,91809
"GO",2024-10-13,728,503,384,578,229,762,193,860,128,867,225,50625
"GO",2024-10-20,863,478,376,673,193,762,132.8,762,20,860,385,148225
"GO",2024-10-27,970,390,204,606,193,762,128,762,31,762,580,336400
"GO",2024-11-03,1089,480,323,658,242,723,193,949,140,949,609,370881
"GO",2024-11-10,1219,480,242,676,242,723,193,949,133,999,739,546121
"GO",2024-11-17,1612,599,260,999,231.7,1083,67,1083,40,1565,1013,1026169
"GO",2024-11-24,1678,480,260,661,166,968,104,1013,40,1332,1198,1435204
"GO",2024-12-01,1959,548,260,893,78,1446,32,2047,26,2611,1411,1990921
"GO",2024-12-08,1771,680,242,968,64.7,1761,43,2611,18,2611,1091,1190281
"GO",2024-12-15,1595,680,260,968,81.6,1754,38,2611,18,3129,915,837225
"GO",2024-12-22,1540,565,263,1203,87.9000000000001,1783,43,2615.5,21.9,3670,975,950625
"GO",2024-12-29,1803,546,122,1783,38,4689,11,7395,11,18361,1257,1580049
"GO",2025-01-05,2650,1306,411.5,1973,95,4919,33.8,8713,2,23289,1344,1806336
"GO",2025-01-12,2648,1425.5,520,2643,126,6622,33.8,8621.8,0,15671.2499999999,1222.5,1494506.25
"GO",2025-01-19,3405,1194,492.25,2567,122,5401,12,8753.54999999996,0,19823.1749999999,2211,4888521
"GO",2025-01-26,3880,1338,520,2896,95,6845,12,9794,0,21601.675,2542,6461764
"GO",2025-02-02,4075,1520.5,561.75,3095.75,138.8,5896,48,10217,0,16496,2554.5,6525470.25
"GO",2025-02-09,4253,2202,841.5,3264,192,6952,112,10690.35,77,16496,2051,4206601
"GO",2025-02-16,4128,1497,448,3528,161,6952,112,11653,77,19208,2631,6922161
"GO",2025-02-23,3612,1721,448,5665,192,6952,155,10217,82.85,12524.95,1891,3575881
"GO",2025-03-02,3562,2134,591,4037,194.9,11007,49,15788.3,1.95,24482.5749999999,1428,2039184
"GO",2025-03-09,3957,2250,591,3868.75,130,10217,12,11666.65,0,21595.7,1707,2913849
"GO",2025-03-16,3734,2078,617,3686,210.6,11007,33.85,15220,0,21584,1656,2742336
"GO",2025-03-23,3841,2476.5,598,6124,228.3,11247.2,59.95,24491.1499999999,5,37136,1364.5,1861860.25
"GO",2025-03-30,4012,2970,817,6454,250,15875.1,136.7,28373,33.8,37136,1042,1085764
"GO",2025-04-06,3753,3305,1503,6056,462.4,13310,244.7,26050.65,121.25,37136,448,200704
"GO",2025-04-13,3712,3104,1438,7397,296,13310,201,25885,35.95,37136,608,369664
"GO",2025-04-20,4397,2974,1080,9894,272,13310,122,35194.1999999999,6,60440,1423,2024929
"GO",2025-04-27,4540,2642,973,9894,201.9,11654,77,26122.7499999998,0,45496,1898,3602404
"MA",2024-10-06,14,36,16,103,9,201,7,228,5,238,22,484
"MA",2024-10-13,15,44,19,107,8,228,6,238,5,617.32499999997,29,841
"MA",2024-10-20,16,52,19,75.5,8,228,5,238,5,302.924999999997,36,1296
"MA",2024-10-27,25,41,18,74,5,216,5,237,5,273.425,16,256
"MA",2024-11-03,20,74,28,103,13,160.4,8,238,8,319,54,2916
"MA",2024-11-10,24,76,34.75,103,19,114,14,195.849999999999,10,320.624999999999,52,2704
"MA",2024-11-17,24,72,26,103,21,160,14.95,417.799999999998,9,491,48,2304
"MA",2024-11-24,17,41,22,103,18,160,8,226,4,367.375,24,576
"MA",2024-12-01,15,84,22,160,11,178.8,4,227,3.975,452,69,4761
"MA",2024-12-08,22,133,41,160,17,226,10,227,4,319,111,12321
"MA",2024-12-15,9,84,23,160,15,226,5,805,4.975,805,75,5625
"MA",2024-12-22,12,54.5,23,160,14,226,13,805,5,805,42.5,1806.25
"MA",2024-12-29,23,81,32,168,13,576,11,576,5,1784.375,58,3364
"MA",2025-01-05,41,425,82,699,63,938,43,1459,20.95,4031,384,147456
"MA",2025-01-12,69,621,100.5,938,63,938,51,1456,28,2185.27499999999,552,304704
"MA",2025-01-19,90,828,175.5,938,70.5,938,35,1224,21.975,1667.12499999999,738,544644
"MA",2025-01-26,123,828,160.75,938,52,938,28,957.899999999997,20.95,1459,705,497025
"MA",2025-02-02,168,162,59,214,51,792.000000000001,34,1233,17,1459,6,36
"MA",2025-02-09,209,207.5,125,397,59,1233,43,1380,16.925,2523.525,1.5,2.25
"MA",2025-02-16,333,208,161,602,59,1233,37,1921,19.95,2982.3,125,15625
"MA",2025-02-23,207,175,71,602,38.8,1233,24,1897,12,2518,32,1024
"MA",2025-03-02,212,204,77.75,339,31,1013,21,1493,4,3053,8,64
"MA",2025-03-09,304,197,79.5,375.5,30,1248,21,1687,7.95,3319.04999999999,107,11449
"MA",2025-03-16,374,162,77.75,266,24,1013,21,1525,5,2347,212,44944
"MA",2025-03-23,335,190,87,245.25,24,1119,21,1721,5,3528,145,21025
"MA",2025-03-30,343,162,96,255,24,1214.4,21,1902,5,3542.22499999999,181,32761
"MA",2025-04-06,250,194,96,313.25,28.8,1151.4,20,2077,5,3636.225,56,3136
"MA",2025-04-13,179,167,83,285,24,1262.7,20,2077,5,3550.175,12,144
"MA",2025-04-20,273,150,83,294.5,24,1314,20,2077,5,2435.82499999999,123,15129
"MA",2025-04-27,315,145.5,71,260,24,1251,20,2077,5,2663,169.5,28730.25
"MG",2024-10-06,852,147,112,255,84.8,371,32,437,19,627,705,497025
"MG",2024-10-13,842,147,112,255,86,377.7,34,467,19,627,695,483025
"MG",2024-10-20,1011,151,135,220,86,365.6,34,467,19,497.275,860,739600
"MG",2024-10-27,1130,162,139,220,86,365.6,32,467,18,606.125,968,937024
"MG",2024-11-03,1339,270,185,320,125.9,437,37.95,617.899999999997,25,928.4,1069,1142761
"MG",2024-11-10,1539,270,185,300,145.4,607,48,1004,26,1581.17499999997,1269,1610361
"MG",2024-11-17,2002,279,188,534,110.2,1004,28,1004,23,2611,1723,2968729
"MG",2024-11-24,2223,341,188,445,131.3,1004,37.85,1122.5,23,1851,1882,3541924
"MG",2024-12-01,2462,367,188,632,66.9,1313.8,32,1916.99999999997,26,3016,2095,4389025
"MG",2024-12-08,2613,367,202,742,70,1952.00000000002,39,3131.15,19.875,6086,2246,5044516
"MG",2024-12-15,2297,408.5,202,887.5,70,2611,38,4185,11,4440.09999999999,1888.5,3566432.25
"MG",2024-12-22,1788,368,178,1024,50,3020,28.9,4185,10.975,6086,1420,2016400
"MG",2024-12-29,2635,330,93,1783,11,5545,11,18361,6,18361,2305,5313025
"MG",2025-01-05,3752,797,370,2580,77.9,8617,22.95,12775,6,23148.6,2955,8732025
"MG",2025-01-12,4881,834.5,397,3650,97,9794,35,14330,10.9,23145,4046.5,16374162.25
"MG",2025-01-19,6260,807,332,3650,43,9794,33.95,14330,3.975,23145,5453,29735209
"MG",2025-01-26,6651,1249,370,6845,55,9794,26.7,14330,3,23145,5402,29181604
"MG",2025-02-02,7524,1409.5,293,9794,48,26548,1,75435,0,89803,6114.5,37387110.25
"MG",2025-02-09,8539,2856,625,11654,267,38014,55.95,89803,14,102825,5683,32296489
"MG",2025-02-16,9394,2627,678,18462,221.9,34344,74,42453,7,42453,6767,45792289
"MG",2025-02-23,7792,3213,1090,20320,327,25738,147.9,34344,48.975,42453,4579,20967241
"MG",2025-03-02,8021,2002,828.25,4756.25,206,22052,45,36697,7,60440,6019,36228361
"MG",2025-03-09,9433,2055,843,4859.75,130,25014,42.7,36697,7,60440,7378,54434884
"MG",2025-03-16,9635,2078,886,6415,166.7,31468,37,44527,5,106759,7557,57108249
"MG",2025-03-23,9621,3035,886,25995,207,37136,36,103743,3,106759,6586,43375396
"MG",2025-03-30,9456,3635,903,34344,130,55118,41,106759,5,106759,5821,33884041
"MG",2025-04-06,8716,2773,1138,3640,628,15947,224.95,30909.7499999998,80.925,35663.75,5943,35319249
"MG",2025-04-13,7362,1991,947,3902,556,23762,195,30623,91.825,34344,5371,28847641
"MG",2025-04-20,9002,1212,942.25,3902,245,20812,190,24494,60,35663.75,7790,60684100
"MG",2025-04-27,7973,1158,821,3902,195,15947,190,22034.15,80.95,35626,6815,46444225
"MS",2024-10-06,31,86,39.5,113,29,190,24.95,303.2,24,437,55,3025
"MS",2024-10-13,26,55,37,108,31,190,25,307,24,437,29,841
"MS",2024-10-20,28,55,38,110.25,31,198.6,24,333,16.975,437,27,729
"MS",2024-10-27,36,64,46,112,26,213.5,24,333,21,437,28,784
"MS",2024-11-03,41,85,57,112,47,196,29,323,24.975,463.425,44,1936
"MS",2024-11-10,31,85,57,116,47,242,29,382,22,553,54,2916
"MS",2024-11-17,41,85,48,178.5,22,475.5,22,771.199999999995,20,1004,44,1936
"MS",2024-11-24,35,149,59,248,28,493,22,747.949999999999,20,999.125,114,12996
"MS",2024-12-01,39,112,60,293,38,851.200000000001,26,1783,22,2022.09999999999,73,5329
"MS",2024-12-08,70,108,60,369,40.9,1761,32,2611,18,2611,38,1444
"MS",2024-12-15,56,140,49.5,706,38,1754,30.95,2611,18,2611,84,7056
"MS",2024-12-22,92,212,50,828,38,1568,11.95,2611,5,2618.44999999999,120,14400
"MS",2024-12-29,137,312.5,62,1783,32,3670,11,5545,7.95,7307.25,175.5,30800.25
"MS",2025-01-05,206,764,179.5,3319.5,79,5280,51.9,8713,18,23289,558,311364
"MS",2025-01-12,255,617,155.75,2739,82,6006,43,7594,18,18471.125,362,131044
"MS",2025-01-19,278,617,144.75,2567,70,7305,37,7305,11.975,15660.8249999999,339,114921
"MS",2025-01-26,340,795.5,151,2718,66.7,6464,34,7594,12,18471.125,455.5,207480.25
"MS",2025-02-02,347,476,135,1564,74,4212,58.9,7305,21.975,9840.47499999996,129,16641
"MS",2025-02-09,416,476,173,1811,79,4087.1,74,7594,55.95,17751,60,3600
"MS",2025-02-16,445,580,173,2518,102.7,4080,74,11653,52,18472.425,135,18225
"MS",2025-02-23,491,853,234,2518,122,4080,76,13213,52,27235,362,131044
"MS",2025-03-02,592,951,363.25,1759,130,3468,76,4613.09999999997,44.95,13281.3499999999,359,128881
"MS",2025-03-09,631,1191,540,2247,158.7,3528,85,5737,55.725,11994,560,313600
"MS",2025-03-16,823,1031,366,1745,100,3099.6,85,4080,55.725,5776.39999999996,208,43264
"MS",2025-03-23,809,1013,354.5,1409,130,2552,85,4151,40.95,5216,204,41616
"MS",2025-03-30,717,955,201,1409,121,3485,66,3528,4.975,7970.92499999989,238,56644
"MS",2025-04-06,774,1167,282,2228,102.7,9657,66,13213,41,17922.2,393,154449
"MS",2025-04-13,802,1266,369,2510.5,165.9,11950.8,84.95,13879,41,17754.7,464,215296
"MS",2025-04-20,940,1363,564,2728,181.7,11994,99.6,13213,66,17751,423,178929
"MS",2025-04-27,874,1316,475,2788,195,4968,85.95,13213,42.95,18989.2499999999,442,195364
"MT",2024-10-06,80,98,65,193,55.9,228,50.9,238,26.875,238,18,324
"MT",2024-10-13,94,155,65,228,59,238,53,238,31,238,61,3721
"MT",2024-10-20,100,127,63,228,56,238,48,238,25,238,27,729
"MT",2024-10-27,113,102,57,228,54,238,36.8,238,14,238,11,121
"MT",2024-11-03,132,83,83,135,54,319,14,319,8,319,49,2401
"MT",2024-11-10,173,84,83,137,57.9,228,29,384,11,465,89,7921
"MT",2024-11-17,226,107,83,237,29.9,491,22.95,491,10.975,565.25,119,14161
"MT",2024-11-24,305,96,83,178,29,491,10,576.1,8,805,209,43681
"MT",2024-12-01,455,107,52,240,22,575,11,969.549999999998,4,1120,348,121104
"MT",2024-12-08,555,107,55,227,21,805,11,1120,3,1120,448,200704
"MT",2024-12-15,641,113.5,54,273,16,805,9,1091,4,1120,527.5,278256.25
"MT",2024-12-22,648,115,54,280,16,805,12,967,5,1120,533,284089
"MT",2024-12-29,1007,128,58,411.75,24.9,843.3,11,1550,3,1831.175,879,772641
"MT",2025-01-05,1612,309,127,621,56.9,1459,21,1499.35,13,4212,1303,1697809
"MT",2025-01-12,2060,374,148,1013,58.9,1498,22,1895.4,11.975,4212,1686,2842596
"MT",2025-01-19,2198,371.5,162,938,59,1498,27,1941,13,4212,1826.5,3336102.25
"MT",2025-01-26,1991,304,153,968.5,54,1671,27,1959,12,3226.22499999999,1687,2845969
"MT",2025-02-02,1810,370,175,1049,63,1890.3,30,2030,14,2962.8,1440,2073600
"MT",2025-02-09,1768,459,220,1746,85.9,1893,47.75,2262,15,3189,1309,1713481
"MT",2025-02-16,1651,451,231,1493,86,1921,42,2347,13,3217,1200,1440000
"MT",2025-02-23,1138,360,231,1045,79.9,1915.6,30.8,2347,13,3189,778,605284
"MT",2025-03-02,1146,339,208,1014,79.9,1771,24,2077.05,5,2912.6,807,651249
"MT",2025-03-09,1116,424,214,1053.25,69,1687,24,2077,9.95,3313.24999999999,692,478864
"MT",2025-03-16,1014,388,208,1053,69,1687.4,24,2077,7.925,3313.24999999999,626,391876
"MT",2025-03-23,1043,441,208,1227,51,1768,21.95,2347,5,3960.475,602,362404
"MT",2025-03-30,992,441,207.75,1221,59,1808,22,2347,5,4206.425,551,303601
"MT",2025-04-06,1240,497,189.5,1119,69,1902,24,2347,5,4099.6,743,552049
"MT",2025-04-13,1071,523,180.75,1119,69,1925,24,2347,5,3778.17499999999,548,300304
"MT",2025-04-20,1253,435,145,1200,66.6,2040.1,22,2347,6,2416.52499999998,818,669124
"MT",2025-04-27,1142,393,168,1200,69,2077,24,2347,5.975,2664.45,749,561001
"PA",2024-10-06,83,35,13,65,12,193,12,228,6.975,238,48,2304
"PA",2024-10-13,102,45,14,97,12,228,12,238,8,257,57,3249
"PA",2024-10-20,114,45,14,106,12,236.2,8,257,5.95,257,69,4761
"PA",2024-10-27,122,48,16,127,12,228,10,257,4,303.099999999997,74,5476
"PA",2024-11-03,138,56,28,114,14,287,7,351,2,382,82,6724
"PA",2024-11-10,157,75,25,159,12,287,5.95,388.049999999996,2,578,82,6724
"PA",2024-11-17,194,75,28,159,7,491,3,578,2,635,119,14161
"PA",2024-11-24,150,75,24,159,4,578,3,635,3,635,75,5625
"PA",2024-12-01,185,64,24,159,3,491,3,635,2,635,121,14641
"PA",2024-12-08,195,75,24,176,3,240,3,635,2,635,120,14400
"PA",2024-12-15,206,49,15,176,3,240,2,578,2,635,157,24649
"PA",2024-12-22,181,49,15,141.75,3,227,2,576,2,635,132,17424
"PA",2024-12-29,289,73,32,181,6,218,2,395,2,577.474999999999,216,46656
"PA",2025-01-05,491,234,91,374,18,443,4,1429.55,1,1459,257,66049
"PA",2025-01-12,678,369,131,383,38,567,18,1030.95,6,1459,309,95481
"PA",2025-01-19,682,374,129.75,443,38,788,18,1066,4,1459,308,94864
"PA",2025-01-26,755,374,68,443,34,786,10,938,0,1460.575,381,145161
"PA",2025-02-02,862,218,137,394,34,868.600000000001,11,1243,4.975,4067.7,644,414736
"PA",2025-02-09,930,211,125,523.75,22,961.200000000001,10,1246.65,4,3189,719,516961
"PA",2025-02-16,782,211,137,567,37,994.500000000001,10,1257.2,4,3189,571,326041
"PA",2025-02-23,681,211,137,464,27,817,10,1245.8,4,2347,470,220900
"PA",2025-03-02,684,204,119,430,8,764,1,1213.55,0,2205.625,480,230400
"PA",2025-03-09,674,211,101.75,349,12,786.2,4,1495.55,0,2147.4,463,214369
"PA",2025-03-16,681,193,88,328,12,720.800000000001,3,1215.05,0.975000000000001,2055.55,488,238144
"PA",2025-03-23,634,177,87.75,331,8,694,4,1493,1,3528,457,208849
"PA",2025-03-30,617,177,86,340,8,764,4.95,1687,2,3530.675,440,193600
"PA",2025-04-06,555,168,83.75,270,12,642.7,4.95,1203.5,2,2359.87499999999,387,149769
"PA",2025-04-13,522,169,83.25,321,12,603.5,4,1243.15,2,2873.07499999999,353,124609
"PA",2025-04-20,604,141,78,239,12,484,5,1412.95,2,2077,463,214369
"PA",2025-04-27,557,138,78,239,12,541,4,1341,2,2083.74999999999,419,175561
"PB",2024-10-06,118,62,24.75,107,14,182,9,276,9,333,56,3136
"PB",2024-10-13,114,62,36.75,94.25,17,182,9,276,9,364.025,52,2704
"PB",2024-10-20,139,62,43,94,22,193,15,276,9,333.799999999999,77,5929
"PB",2024-10-27,125,61,36,102,20.9,182.5,15,276,9,373.624999999999,64,4096
"PB",2024-11-03,111,63,34,119,18,225,15,276,11.975,417.5,48,2304
"PB",2024-11-10,109,64,34,125,17,235.8,15,455.4,13,605,45,2025
"PB",2024-11-17,128,54,24,115,17,232,17,334.949999999998,13,738,74,5476
"PB",2024-11-24,111,81,34,232,22,276,17,738,13,1321,30,900
"PB",2024-12-01,126,92,48,180,26,475,16,738,13,847,34,1156
"PB",2024-12-08,135,83,47,192,27,738,17.95,738,11,828,52,2704
"PB",2024-12-15,100,96,59,207,30.9,738,23,738,16,828,4,16
"PB",2024-12-22,105,95,58,196,30,738,20.9,828,12,828.475,10,100
"PB",2024-12-29,92,94,55,192,32,368.5,14,739.699999999998,12,1131,2,4
"PB",2025-01-05,100,148,98,350,46,1428,37,4212,19,4512,48,2304
"PB",2025-01-12,143,257,101,1428,46,4212,37,4212,19,4512,114,12996
"PB",2025-01-19,190,472,108,1428,40.8,4212,19,4512,19,4512,282,79524
"PB",2025-01-26,175,203,130,1428,39,2580,32,4512,19,4512,28,784
"PB",2025-02-02,211,230.5,138,1269,56,2580,36.95,4425,21.975,4512,19.5,380.25
"PB",2025-02-09,300,195,128,604.75,56,1690,39,4212,34,4512,105,11025
"PB",2025-02-16,360,217,120,568,39,1428,39,3562.19999999997,36,4512,143,20449
"PB",2025-02-23,161,155,94,258,52,1428,39,2580,32,4219.49999999999,6,36
"PB",2025-03-02,173,312.5,131,934,78,1576.6,38.75,3536.04999999999,21,4512,139.5,19460.25
"PB",2025-03-09,223,335,142,938.75,97.7,1786.2,39.95,3528,21,4512,112,12544
"PB",2025-03-16,199,310,149.5,643,103,1400,40.9,2770,30,4512,111,12321
"PB",2025-03-23,199,326,185,746,116,1428,68.95,2531,30,4369,127,16129
"PB",2025-03-30,219,482.5,222,936,137,1564,85.95,2261.19999999999,30,4512,263.5,69432.25
"PB",2025-04-06,248,806,317,1785,162.8,5274,117,5274,79,5274,558,311364
"PB",2025-04-13,271,715.5,287,1448,174.8,3567.2,117,5274,79,7540,444.5,197580.25
"PB",2025-04-20,311,472,204,1222,181,2085.2,117,5274,81,7540,161,25921
"PB",2025-04-27,246,530.5,239,1306,172.2,1897,117,5274,69,7540,284.5,80940.25
"PE",2024-10-06,231,118,70,166,25,364,21.95,605,15,1264,113,12769
"PE",2024-10-13,240,115,67.5,172,26.9,410,21,1264,15.975,1264,125,15625
"PE",2024-10-20,247,121.5,62,270,27.9,733.600000000001,22,1264,15.975,1264,125.5,15750.25
"PE",2024-10-27,245,116,62,270,26,630.000000000006,22,1264,16.95,1287.79999999998,129,16641
"PE",2024-11-03,255,95,43,157.25,24,374.500000000001,21,1294.89999999997,15,2979,160,25600
"PE",2024-11-10,229,115,43,162,24,605,23.95,1004,16,3568,114,12996
"PE",2024-11-17,264,135,43,301,28,2916,20,4203,13,4203,129,16641
"PE",2024-11-24,282,148,72.25,755,32,3568,24,3568,18,4203,134,17956
"PE",2024-12-01,209,130.5,65,232,30,847,19,2909,13,4185,78.5,6162.25
"PE",2024-12-08,239,150,65,324,30,2611,22,4185,11,4185,89,7921
"PE",2024-12-15,259,170,67,738,34,3032.80000000003,24,4185,16.975,4185,89,7921
"PE",2024-12-22,206,143,38,738,30,2909,22,4185,13,4185,63,3969
"PE",2024-12-29,215,100,58,229,38,738,22,880.449999999998,12.975,3136.02499999999,115,13225
"PE",2025-01-05,253,264,126.5,4212,64,4512,45.8,4512,19,4512,11,121
"PE",2025-01-12,237,1428,157,4512,69.8,4512,46,4512,40.95,4512,1191,1418481
"PE",2025-01-19,254,1620,223,4512,75,4512,46,4512,38.95,4512,1366,1865956
"PE",2025-01-26,279,1269,155,4512,64,4512,43,4512,34,4535,990,980100
"PE",2025-02-02,364,211.5,119,934,71.8,4512,39,4512,34,4512,152.5,23256.25
"PE",2025-02-09,394,217,115,477,56,4212,38.85,4512,31.8,4512,177,31329
"PE",2025-02-16,475,240,121,477,63,2418,39,4512,36,4512,235,55225
"PE",2025-02-23,339,170,98,371,81,1708,39,4512,32,4512,169,28561
"PE",2025-03-02,354,395,239,1314.5,123,2531,74,4512,33.975,5274,41,1681
"PE",2025-03-09,530,395,207,1331,139.8,3319,83,4512,38.775,7396.44999999992,135,18225
"PE",2025-03-16,608,389,231,1181.75,143,3319,100,4512,71.9,5274,219,47961
"PE",2025-03-23,673,499,287,1447,153.9,4369,117,5274,78.95,5274,174,30276
"PE",2025-03-30,839,740.5,317,1782,172,4528.3,117,5274,83,5274,98.5,9702.25
"PE",2025-04-06,860,707,358,1785,207,2587,153,4371.45,117,5274,153,23409
"PE",2025-04-13,838,647,355,1448,207,1994.4,181.85,3408.29999999999,138.95,5274,191,36481
"PE",2025-04-20,831,598,287,1447,204,1785,178.9,3258,117,5274,233,54289
"PE",2025-04-27,652,574.5,332,1447,201,1785,139,2587,98.9,4374.025,77.5,6006.25
"PI",2024-10-06,37,24,11,33,4,55.1,4,70,4,112,13,169
"PI",2024-10-13,43,24,11,38,4,55,4,70,4,104.075,19,361
"PI",2024-10-20,36,25,11,38,6,66.4000000000001,4,70,4,104,11,121
"PI",2024-10-27,26,29,12,55,6,70,6,93,4,111.025,3,9
"PI",2024-11-03,32,29,21,38,10,53,6,82,6,107,3,9
"PI",2024-11-10,33,34,24,53,11,53,10,82,10,93,1,1
"PI",2024-11-17,29,29,20,53,14,82,11,82,10,93,0,0
"PI",2024-11-24,46,28,19,56,11,93,7,103,7,103,18,324
"PI",2024-12-01,25,28,17.75,56,4,77,4,77,1,112,3,9
"PI",2024-12-08,38,27,23,30,1,56,1,77,1,104,11,121
"PI",2024-12-15,26,23,23,28,14,34,10,56,1,77,3,9
"PI",2024-12-22,24,23,16,28,12,41.2,12,77,1,122.275,1,1
"PI",2024-12-29,40,34,16,80,14,168,14,193,12,229,6,36
"PI",2025-01-05,71,63.5,19,137,19,168,19,205,19,266,7.5,56.25
"PI",2025-01-12,103,66,43,137,19,217,19,589,19,1456.075,37,1369
"PI",2025-01-19,130,66,43,137,19,217,19,604.15,19,1690,64,4096
"PI",2025-01-26,144,130,52,180,19,232.5,19,1269,19,2580,14,196
"PI",2025-02-02,172,115,49,217,36,332,19,643,19,1690,57,3249
"PI",2025-02-09,230,121,56,184,36,393.700000000001,34,643,19,1428.775,109,11881
"PI",2025-02-16,236,97,39,180,36,477,36,643,32,681,139,19321
"PI",2025-02-23,234,81,47,161,36,307,32,643,32,959.824999999996,153,23409
"PI",2025-03-02,255,477,201,1351,99.5,3053,55,4784.8,12,9761,222,49284
"PI",2025-03-09,266,601,226,1406.25,107,3319,61,5216,19,11096.775,335,112225
"PI",2025-03-16,359,616,241,1785,115,3319,72,5274,30.975,12492,257,66049
"PI",2025-03-23,327,806,328,2131,137,4369,81,5274,45.95,12492,479,229441
"PI",2025-03-30,397,883,357.25,2082,135.7,4512,71.9,5274,46,12596,486,236196
"PI",2025-04-06,364,719,304,1977,153.7,5221.8,87.85,5274,43,12492,355,126025
"PI",2025-04-13,324,661,261.75,1448,165,3528,107,5274,76.875,12492,337,113569
"PI",2025-04-20,384,471,239,1177,160.6,2429.3,107,5274,78.975,12492,87,7569
"PI",2025-04-27,294,467,239,1186,118,2131,106,5274,69,10697.025,173,29929
"PR",2024-10-06,489,56,30,128,13,184.2,13,331,13,365.025,433,187489
"PR",2024-10-13,540,61,34,124,17,241,13,314.1,13,365.025,479,229441
"PR",2024-10-20,599,74,37,160,20,276,13,344.199999999998,13,497,525,275625
"PR",2024-10-27,668,69,34,151,23,316,17,464.45,13,497,599,358801
"PR",2024-11-03,623,51,31,107,24,198,22,260,14.95,437,572,327184
"PR",2024-11-10,667,69,40,175,26,273.800000000001,24,730,18,730,598,357604
"PR",2024-11-17,766,75,46,228,24,730,20,942,13,1004,691,477481
"PR",2024-11-24,756,148,50,543,26,942,22,1004,18,1327,608,369664
"PR",2024-12-01,776,151,60,536,32,1031.2,16,1882,5,1882,625,390625
"PR",2024-12-08,832,262,66.75,565,25,1882,15,1882,4,1882,570,324900
"PR",2024-12-15,823,162,40,543,15.9,1756,15,1882,4,4185,661,436921
"PR",2024-12-22,855,162,64,420,20,1558,11,1882,4,4185,693,480249
"PR",2024-12-29,1153,204,45,1558,11,5545,10,5545,1,5779.07499999997,949,900601
"PR",2025-01-05,1434,420,97,1558,29.9,4432,7,5147,6,7114.875,1014,1028196
"PR",2025-01-12,1712,429.5,97,1558,29,4251,15,6622,6,8617,1282.5,1644806.25
"PR",2025-01-19,2084,332,84.5,807,34,3650,9,4671,4,6710.24999999999,1752,3069504
"PR",2025-01-26,2331,332,80,1078.5,34,4212,9,8675.84999999995,5,11276,1999,3996001
"PR",2025-02-02,2526,483,137,1558,28.9,5291.2,7,15589,3,17780,2043,4173849
"PR",2025-02-09,3664,697.5,165.5,1974,31,5412,7,11907,3,20882.125,2966.5,8800122.25
"PR",2025-02-16,4810,834.5,137,2979,28,12492,7.95,18499.3,3,25328,3975.5,15804600.25
"PR",2025-02-23,5328,1274,178.5,4736,32,18462,8,25328,3,27235,4054,16434916
"PR",2025-03-02,6381,1300.5,236,5737,113,15947,47.85,27235,6,33358,5080.5,25811480.25
"PR",2025-03-09,7466,1189,236,4418,92,12578,48,21564,15.95,27388.0749999999,6277,39400729
"PR",2025-03-16,8128,1824.5,236,5454.25,48,14560,26,22023,3,42983,6303.5,39734112.25
"PR",2025-03-23,8780,1620,236,4418,26,15463,26,42983,9,42983,7160,51265600
"PR",2025-03-30,9467,2640,236,6199,41.8,14560,26,34344,6,42983,6827,46607929
"PR",2025-04-06,8537,1800,132,9657,34,17899,8,24535.7,2,37136,6737,45387169
"PR",2025-04-13,6849,1869,190,9657,34,14587.6,8,21584,2,30640,4980,24800400
"PR",2025-04-20,7716,1008,125,4418,34,13310,7.95,18693,0,30640,6708,44997264
"PR",2025-04-27,6608,828,125,3962,34,11907,6.95,15856,0,21584,5780,33408400
"RJ",2024-10-06,364,93.5,37,340,22,367.1,17,463,14,503,270.5,73170.25
"RJ",2024-10-13,333,93,56,274,23,366,20.95,463,17,503,240,57600
"RJ",2024-10-20,412,93,72,182,23,392.8,20,497,11,529,319,101761
"RJ",2024-10-27,388,92,72,274,22.8,463,20.9,497,3,546.55,296,87616
"RJ",2024-11-03,421,110,70,140,25,437,22,730,11,730,311,96721
"RJ",2024-11-10,333,135,80,289,25,730,22,730,21,766,198,39204
"RJ",2024-11-17,312,119,69,543,22,766,10.7,789,3,951.749999999997,193,37249
"RJ",2024-11-24,377,149,68,543,22,757,21.95,942,7,1882,228,51984
"RJ",2024-12-01,392,249,81,559,28,1409,15,1882,4,1882,143,20449
"RJ",2024-12-08,426,204,94,753,22,1882,12,1882,4,1882,222,49284
"RJ",2024-12-15,330,151,45,672.25,15,1882,11,2073.84999999999,4,4185,179,32041
"RJ",2024-12-22,335,187.5,75.5,556,15,1882,6,2204,3,4185,147.5,21756.25
"RJ",2024-12-29,585,228.5,57,2109,11,5545,8.95,5545,1,7395,356.5,127092.25
"RJ",2025-01-05,720,370,194,1558,29,3819,11,6622,6,10616.025,350,122500
"RJ",2025-01-12,762,557.5,195.5,3027,29,5160.3,20.9,9524,6.975,14330,204.5,41820.25
"RJ",2025-01-19,955,499,180,1554,37,3650,10.9,7838.89999999999,4,9524,456,207936
"RJ",2025-01-26,1256,593,228,1558,43,4575.50000000001,10.9,9082,4,10446.2,663,439569
"RJ",2025-02-02,1832,404,195,1459,27.3,4544,3,10493,0,17780,1428,2039184
"RJ",2025-02-09,2164,404,215,1752,21,7178,7,11907,1,21584.35,1760,3097600
"RJ",2025-02-16,1824,389,118,2248.5,15.6,12492,2,18462,0,24277,1435,2059225
"RJ",2025-02-23,1273,410.5,166,4326,30,15220,9,22757,2,27235,862.5,743906.25
"RJ",2025-03-02,1409,857,209.25,4336,35,11202,9,15236.45,7,21564,552,304704
"RJ",2025-03-09,1429,1516,179,6515.5,21,11907,7,18903,2,21584,87,7569
"RJ",2025-03-16,1397,1985,201,8097,31,15549,7,20525,2,21584,588,345744
"RJ",2025-03-23,1243,2334,179,11202,8,17598,2,21584,2,30640,1091,1190281
"RJ",2025-03-30,1469,3639,250,14361,34,17899,2.95,27959,2,30640,2170,4708900
"RJ",2025-04-06,1516,2004.5,282,12492,109,15549,12,17899,7.95,18827,488.5,238632.25
"RJ",2025-04-13,1232,1897,282,13213,125,13879,36,15553.85,9,17899,665,442225
"RJ",2025-04-20,1369,713,282,5216,135.8,13310,84.8,13879,6,17899,656,430336
"RJ",2025-04-27,1234,856,282,2788,122,12492,6,13879,6,17899,378,142884
"RN",2024-10-06,125,76,52,162,28,182,17,201,9,276,49,2401
"RN",2024-10-13,116,78,42,162,28,180,17,251,11,331,38,1444
"RN",2024-10-20,102,94,51,158,28,180,17,193,11,364.05,8,64
"RN",2024-10-27,140,94,51,137,25,176,17,193,12,365,46,2116
"RN",2024-11-03,117,55,32,103.25,22,167.9,15,192,10,438.499999999999,62,3844
"RN",2024-11-10,97,60,37,117,25,180,17,207.15,12,605,37,1369
"RN",2024-11-17,94,70,44,115.25,25,180,17,209.05,13,605,24,576
"RN",2024-11-24,115,102.5,65,180,31,192,22,233.399999999999,14,738,12.5,156.25
"RN",2024-12-01,111,107,65,176,27,192,20,207,13,303.05,4,16
"RN",2024-12-08,120,101,59,176,25,192,18,207,14,303,19,361
"RN",2024-12-15,133,101,83,192,32,207,22,261,13.975,738,32,1024
"RN",2024-12-22,102,98,82.75,192,32,207,16,229,12,828,4,16
"RN",2024-12-29,67,117,91,192,37,229,14,229,11,324.474999999999,50,2500
"RN",2025-01-05,87,122,98,180,49,341,19,1428,19,1690,35,1225
"RN",2025-01-12,102,137,98,216,48.9,1428,19,1690,19,4212,35,1225
"RN",2025-01-19,129,142.5,98,607,31,1690,19,1690,19,4212,13.5,182.25
"RN",2025-01-26,125,180,98,472,32,2580,18.6,2580,11,2580,55,3025
"RN",2025-02-02,127,195,72,237,28,643,27.7,1690,11,2580,68,4624
"RN",2025-02-09,149,195,58,306,36,643,28,1459,15,2531,46,2116
"RN",2025-02-16,164,217,104,380,37,643,32,767,28,1690,53,2809
"RN",2025-02-23,166,203,81,308,32,643,32,958.149999999997,28,1690,37,1369
"RN",2025-03-02,159,366,188,1019.75,54.9,1428,20,2418,11,4523.14999999999,207,42849
"RN",2025-03-09,254,408,209,1175,77.6,1588,21,2418.6,11,4512,154,23716
"RN",2025-03-16,244,383,202.5,1065,73,1495.8,30,2131,15,2777.07499999999,139,19321
"RN",2025-03-23,255,546,211,1133,73,1874,30,2131,11,2591.575,291,84681
"RN",2025-03-30,307,672.5,259,1252,81.7,1977,30,2131,11,2591.575,365.5,133590.25
"RN",2025-04-06,338,694,287,1772,91,2082,55.9,3146.84999999999,30,7540,356,126736
"RN",2025-04-13,295,632,200,1457,91,2082,56,2596.14999999999,30,7595.52499999995,337,113569
"RN",2025-04-20,432,476.5,176,1175,91,2082,79,2533.8,30,9783.24999999998,44.5,1980.25
"RN",2025-04-27,435,520,191,1104,91,2082,53.9,2531,19.975,7540,85,7225
"RO",2024-10-06,6,22,10,33,5,35,3,42,3,75,16,256
"RO",2024-10-13,13,31,22,35,9,56,5,114,3,114,18,324
"RO",2024-10-20,7,37,24,50,7,104,5,114,3,151,30,900
"RO",2024-10-27,12,35,12,66,5,133.4,4,151,3,152,23,529
"RO",2024-11-03,10,26,12,55,5,76.1,3,132,3,161.599999999999,16,256
"RO",2024-11-10,20,29,12,57,12,94,6.90000000000001,133.1,3,179,9,81
"RO",2024-11-17,14,53,20.75,93,10,111.3,3,215,2,386.274999999998,39,1521
"RO",2024-11-24,14,45,18,94,8,193,3,299,3,1091,31,961
"RO",2024-12-01,23,62.5,30,159.25,11,307,4,389,2,896.124999999997,39.5,1560.25
"RO",2024-12-08,18,54,22,154,8,299,3,437,3,1120,36,1296
"RO",2024-12-15,20,78,22,154,7.90000000000001,227,3,325.55,2,771,58,3364
"RO",2024-12-22,7,81,22,165,10,227,3,308.449999999999,2,805,74,5476
"RO",2024-12-29,33,69,30,177.5,11,370.9,5.95,787.199999999999,3,1100.5,36,1296
"RO",2025-01-05,26,99,63,417,21,841.600000000001,7,1013,7,1501,73,5329
"RO",2025-01-12,32,124,63,537,22,806,15,1013,7,1695.075,92,8464
"RO",2025-01-19,60,148,86,537,34.9,806,18,941.749999999997,8,1695.075,88,7744
"RO",2025-01-26,96,148,69,474.75,27,658,12,938,7.975,1459.85,52,2704
"RO",2025-02-02,127,155,71,537,21.9,668.3,10.95,1013,4,1890.075,28,784
"RO",2025-02-09,72,301,99,658,28.8,658,12,939.649999999998,4,1874,229,52441
"RO",2025-02-16,59,295,88,552,27,658,11.8,781.299999999999,3,1190.35,236,55696
"RO",2025-02-23,109,249,69,503,17,666,12,781.299999999999,4,1249.24999999999,140,19600
"RO",2025-03-02,161,159,57,477,15,716,8.95,823.25,4,2370.49999999998,2,4
"RO",2025-03-09,232,123,18,398,13,658,11.95,940.549999999998,4,1722.175,109,11881
"RO",2025-03-16,369,86.5,19.5,336.75,15,642.5,12,933.1,4,1773.525,282.5,79806.25
"RO",2025-03-23,328,143,39,222,13,524,9,719.199999999997,4,2370.49999999998,185,34225
"RO",2025-03-30,167,109,34.75,251.25,15,507,9,935.15,4,5216,58,3364
"RO",2025-04-06,90,85.5,37.75,228.5,12,477,9.95,833.249999999995,3,3287,4.5,20.25
"RO",2025-04-13,115,87.5,39.75,197,14,486,9.95,1075.54999999999,3.975,3287,27.5,756.25
"RO",2025-04-20,133,69,22,185.25,12,477,10,1152.5,3.975,2077,64,4096
"RO",2025-04-27,169,69,22,170,16.9,477,11.95,1058.8,4,2083.74999999999,100,10000
"RR",2024-10-06,13,10,3,17,2,35.1,1,62,1,99,3,9
"RR",2024-10-13,5,10,3,18,1,54,1,66,1,114,5,25
"RR",2024-10-20,5,13,5,19.25,2,54,1,66,0,114.025,8,64
"RR",2024-10-27,6,13,4,18,2,49,1,72,1,114.025,7,49
"RR",2024-11-03,5,4,3,20,2,69,1,114,0,152.025,1,1
"RR",2024-11-10,4,4,3,19,2,55,1,106.2,0,153.15,0,0
"RR",2024-11-17,2,4,2,19,0,40.1,0,86,0,180.3,2,4
"RR",2024-11-24,3,4,2,19,0,39.1,0,96,0,212.075,1,1
"RR",2024-12-01,4,6,2,19,0,64,0,165,0,307.45,2,4
"RR",2024-12-08,4,4,3,18,0,82,0,207.999999999999,0,330.399999999999,0,0
"RR",2024-12-15,3,7,3,18,0,82,0,165.05,0,325,4,16
"RR",2024-12-22,2,5,2,18,0,85.4000000000001,0,165,0,302.575,3,9
"RR",2024-12-29,3,10,3,39,0,165,0,336,0,810,7,49
"RR",2025-01-05,3,18,2,40,1,148,0,604.15,0,1459,15,225
"RR",2025-01-12,4,21,13,40,2,157.500000000001,1,597.35,0,1459,17,289
"RR",2025-01-19,6,21,13,45,1,142.3,1,547.25,0,1459,15,225
"RR",2025-01-26,7,20,11,56,2,138.2,0,370.2,0,1125.525,13,169
"RR",2025-02-02,5,15,8,22,1,77.2,0,237.25,0,825.075,10,100
"RR",2025-02-09,9,15,8,22,1,63,0,228,0,656,6,36
"RR",2025-02-16,5,14,6,22,0,56,0,182,0,625,9,81
"RR",2025-02-23,10,17,7,27,0,56,0,133,0,479.174999999998,7,49
"RR",2025-03-02,11,17,12,21,4,56,0,56,0,56,6,36
"RR",2025-03-09,10,19,12,47,4,56,1,56,0,98.1999999999989,9,81
"RR",2025-03-16,9,21,10,56,1,56,0,56,0,56,12,144
"RR",2025-03-23,5,12,4,21,0,56,0,56,0,85,7,49
"RR",2025-03-30,10,12,4,21,1,56,0,56,0,3528,2,4
"RR",2025-04-06,14,5,2,19,1,56,0,86.099999999999,0,3528.5,9,81
"RR",2025-04-13,21,5,2,21,1,56,0,229,0,4974.19999999999,16,256
"RR",2025-04-20,19,9,2,22,1,56,0,207.5,0,849.175,10,100
"RR",2025-04-27,25,12,2,28.25,1,56,0,204.15,0,607.699999999998,13,169
"RS",2024-10-06,99,4,2,14,0,37,0,110,0,205,95,9025
"RS",2024-10-13,122,6,3,20,1,45,0,110.3,0,205.275,116,13456
"RS",2024-10-20,123,5,2,19.25,0,45,0,110.3,0,254,118,13924
"RS",2024-10-27,134,3,1,14,0,45,0,166,0,254,131,17161
"RS",2024-11-03,144,3,1,20,0,176.8,0,327.2,0,463.025,141,19881
"RS",2024-11-10,126,4,2,27,0,287,0,553.1,0,730,122,14884
"RS",2024-11-17,99,4,3,27,1,254,0,543.5,0,766,95,9025
"RS",2024-11-24,155,5,3,79,0,543,0,742,0,949,150,22500
"RS",2024-12-01,130,5,1,81.25,0,543,0,949,0,1100,125,15625
"RS",2024-12-08,99,5,2,27,0,467.400000000001,0,1071.85,0,1331.99999999999,94,8836
"RS",2024-12-15,95,7,2,96.25,1,499.7,0,1067,0,1331.99999999999,88,7744
"RS",2024-12-22,84,5.5,2,91,0,673,0,1100,0,1772,78.5,6162.25
"RS",2024-12-29,149,25,8,344,2,1100,0,4432,0,5545,124,15376
"RS",2025-01-05,205,14,6,76,2,718.3,0,1459,0,3655.6,191,36481
"RS",2025-01-12,222,19,7,76,2,547,1,1071.8,1,1562.85,203,41209
"RS",2025-01-19,262,17,6,76,2,271.3,2,552.449999999995,1,1459,245,60025
"RS",2025-01-26,267,17,6,76,2,524,2,1068,2,2580,250,62500
"RS",2025-02-02,319,14,4,118.25,3,1601.1,2,4347,1,7139.92499999997,305,93025
"RS",2025-02-09,471,30,5,188.25,2,2087.6,2,5536,1,7260.64999999995,441,194481
"RS",2025-02-16,736,44.5,7,784,2,5536,2,10493,1,10572.475,691.5,478172.25
"RS",2025-02-23,943,86.5,7,1629,3,7110,2,11654,1,15549,856.5,733592.25
"RS",2025-03-02,1266,335.5,148,1603,9,4430,5,11654,3,15549,930.5,865830.25
"RS",2025-03-09,2282,258,118,1598,16,4445,6,11259,2,15549,2024,4096576
"RS",2025-03-16,2930,258,31,3445.5,9,7550,5,15549,2,15549,2672,7139584
"RS",2025-03-23,5033,236,26,3104,8,11259,2,15549,2,28025.5999999999,4797,23011209
"RS",2025-03-30,7336,507,33.25,5710,5,12502.1,2,17739,2,30640,6829,46635241
"RS",2025-04-06,7368,507,26,7397,4,15549,2,17899,2,24412,6861,47073321
"RS",2025-04-13,7517,564,44,8417,6,15463,2.95,19548.1499999999,2,21584,6953,48344209
"RS",2025-04-20,9441,253,36,3305,6,14125,3,16860.65,2,19459.825,9188,84419344
"RS",2025-04-27,8327,253,35.5,3198,6,13310,3,15463,1.975,18827,8074,65189476
"SC",2024-10-06,139,6,2,27,0,205,0,205,0,205,133,17689
"SC",2024-10-13,141,10,2,45,0,205,0,205,0,216,131,17161
"SC",2024-10-20,143,10,2,24,0,202.3,0,205,0,216,133,17689
"SC",2024-10-27,176,4,1,20,0,202,0,205,0,254,172,29584
"SC",2024-11-03,179,3,0,27,0,211,0,364.05,0,503,176,30976
"SC",2024-11-10,185,6,2,62.25,0,287,0,730,0,730,179,32041
"SC",2024-11-17,187,8,3,60,0.900000000000006,366,0,757,0,789,179,32041
"SC",2024-11-24,164,8,3,85.25,0,543,0,766,0,1100,156,24336
"SC",2024-12-01,283,8,1,113,0,536,0,1027,0,1100,275,75625
"SC",2024-12-08,393,9,2,158,0,546.9,0,1100,0,1100,384,147456
"SC",2024-12-15,310,11,4,165,0,563,0,1100,0,1128.075,299,89401
"SC",2024-12-22,390,11,3,165,0,742,0,1100,0,1324.45,379,143641
"SC",2024-12-29,476,25,6,784,2,815.000000000001,0,2326.14999999999,0,5545,451,203401
"SC",2025-01-05,459,17,6,98,3,1071.2,2,3212.04999999998,0,4215.375,442,195364
"SC",2025-01-12,467,21,6,110,3,1294,1,3650,1,4351.125,446,198916
"SC",2025-01-19,513,12,4,76,2,561.000000000003,2,1752,1,4212,501,251001
"SC",2025-01-26,511,9,4,76,2,741,1,2637.99999999997,0,5280,502,252004
"SC",2025-02-02,476,8,3,162.5,1,2100.1,1,7110,1,10493,468,219024
"SC",2025-02-09,492,30.5,4,316,2,4704.00000000001,1,10493,1,10493,461.5,212982.25
"SC",2025-02-16,644,38,3,322,2,6778.80000000001,1,10493,1,10568,606,367236
"SC",2025-02-23,669,44,7,884,2,10493,2,13489,1,16367.7,625,390625
"SC",2025-03-02,851,337,18,2550,5,5556.1,2,10493,2,15549,514,264196
"SC",2025-03-09,1138,253,17,554.25,6,5544.2,2,10493,2,15549,885,783225
"SC",2025-03-16,1335,171,16,1735.5,2,10493,2,15549,2,16565,1164,1354896
"SC",2025-03-23,1495,49,3,5216,2,15549,2,15549,2,27959,1446,2090916
"SC",2025-03-30,2027,337.5,16,7083,2,13347.1,2,18827,2,28010.2,1689.5,2854410.25
"SC",2025-04-06,2125,250,8,5216,4,21584,2,30640,2,32598,1875,3515625
"SC",2025-04-13,2023,179,6,3365.75,4,21584,2,25988.6999999999,2,31375,1844,3400336
"SC",2025-04-20,2443,81,8,1409.25,5,12516.1,4,21584,2,24412,2362,5579044
"SC",2025-04-27,2177,109,8,1887.5,4,12822,3,21584,2,24412,2068,4276624
"SE",2024-10-06,13,31,11,73,3,265,3,295.3,3,412.15,18,324
"SE",2024-10-13,18,37,14,73,3,265,3,301,2,463,19,361
"SE",2024-10-20,10,37,16,94,8,265,3,301,3,463,27,729
"SE",2024-10-27,11,37,13,98,6.90000000000001,265,3,301,1,464.125,26,676
"SE",2024-11-03,17,16,9,82,5,301,3,441,1,730,1,1
"SE",2024-11-10,7,12,9,79,6,301,4,605,3,730,5,25
"SE",2024-11-17,9,27.5,11,138,7,441,4,766,3,952.624999999997,18.5,342.25
"SE",2024-11-24,11,31,10,148,7,595,3,766,2,1100,20,400
"SE",2024-12-01,10,43.5,10,86,5,254,3,852.099999999995,2.975,1882,33.5,1122.25
"SE",2024-12-08,7,20,10,86,4,464,2,1321.5,1,1882,13,169
"SE",2024-12-15,4,21,10,83.75,4,465.8,3,1100,3,1882,17,289
"SE",2024-12-22,7,37,10,77,3,254,3,1100,3,1882,30,900
"SE",2024-12-29,12,59,10,150,6,229,2,390.049999999997,1,1100,47,2209
"SE",2025-01-05,9,79,62,205,11,607,7.95,1459,5,4512,70,4900
"SE",2025-01-12,6,110,51,205,11,1029,6,4212,5,4512,104,10816
"SE",2025-01-19,9,110,25,213,9,1690,5,4512,5,4512,101,10201
"SE",2025-01-26,13,68,11,205,5,1083.6,5,4512,3,4512,55,3025
"SE",2025-02-02,14,16,11,110,7,264,4,1470.54999999999,4,4219.49999999999,2,4
"SE",2025-02-09,18,15.5,9,110,5,258.6,4,668.299999999977,4,3545.09999999998,2.5,6.25
"SE",2025-02-16,12,12,5,115,4,224.4,4,643,2,2114,0,0
"SE",2025-02-23,12,12,6,122,4,161,3,566.099999999999,3,1428,0,0
"SE",2025-03-02,11,55,15,122,8,202,5,408,4,1451.2,44,1936
"SE",2025-03-09,14,55,14,130,7,219,6,524.349999999998,4,2254.09999999999,41,1681
"SE",2025-03-16,18,55.5,14,122,10.9,259.5,6,281,5,1897,37.5,1406.25
"SE",2025-03-23,19,69,17,184,7,277,5.95,445.15,4,2131,50,2500
"SE",2025-03-30,42,99,30,184,11,281,6,855.699999999998,4,2114.425,57,3249
"SE",2025-04-06,43,85,32,113,11,277,8,647.599999999996,7,2114,42,1764
"SE",2025-04-13,45,85.5,25.5,113,11,204,7,583.049999999998,6.975,2082.8,40.5,1640.25
"SE",2025-04-20,71,76,24,115,11,204,8,569.4,6,1899,5,25
"SE",2025-04-27,73,79,22,115,11,204,9,564.649999999999,5.975,1899,6,36
"SP",2024-10-06,2801,295,104,418,89,742,89,742,55.8,742.125,2506,6280036
"SP",2024-10-13,3148,130,108,418,89,718.600000000001,89,742,82.975,742,3018,9108324
"SP",2024-10-20,3066,208,114,418,89,742,89,742,82.925,747,2858,8168164
"SP",2024-10-27,3388,208,126,418,94,742,89,742,63.175,749,3180,10112400
"SP",2024-11-03,3410,235,161,306,94,582,89,742,52.95,834,3175,10080625
"SP",2024-11-10,3854,235,206.5,582,104,742,85.95,1004,47.975,1362,3619,13097161
"SP",2024-11-17,4800,289,161,748,94,1321,28,1397,22,2007,4511,20349121
"SP",2024-11-24,5494,571,289,1321,132,1321,73.8,1560,23.975,2007,4923,24235929
"SP",2024-12-01,7020,397,231,1321,162,1714,103.9,2420.04999999999,32,3170,6623,43864129
"SP",2024-12-08,8914,949,262,1624,192.9,2090,101.35,3170,25.95,3610,7965,63441225
"SP",2024-12-15,9136,1160,286,1624,197,2050,115.6,2948.64999999999,29.9,4265.24999999993,7976,63616576
"SP",2024-12-22,10964,1137,242,1624,176.9,2607,71,3610,21.775,7395,9827,96569929
"SP",2024-12-29,19615,1473,215,3556,38,7395,11,7395,5.95,7395,18142,329132164
"SP",2025-01-05,24071,1814,412.25,4922,234,9320,208,13819.4999999999,90,22956,22257,495374049
"SP",2025-01-12,28033,1398,424.75,6805,220,11464,220,18705.5,155.475,34116,26635,709423225
"SP",2025-01-19,33655,1752,415,7914,220,15490.2,208,19738,58.6,34116,31903,1017801409
"SP",2025-01-26,37750,2765,652.5,9082,272,18581,220,22956,122.7,34116,34985,1223950225
"SP",2025-02-02,36926,3380,394,11659.5,280,21703.2,259,34116,102.9,70482,33546,1125334116
"SP",2025-02-09,42357,4267,522.5,12801,282,22956,280,27826,236,52604,38090,1450848100
"SP",2025-02-16,47113,7125,1160.25,13163,297,26487,280,52604,236,60261,39988,1599040144
"SP",2025-02-23,49131,8564.5,3725,13732,359,40325,258,56898,211.95,70482,40566.5,1645640922.25
"SP",2025-03-02,54900,11558,5707.25,18693,1398,52604,280,52604,236,70482,43342,1878528964
"SP",2025-03-09,58979,11558,6128,18693,1398,27826,391.85,54926.7499999999,236,70482,47421,2248751241
"SP",2025-03-16,60474,11558,6366,22956,1398,27826,280,70482,236,124453.275,48916,2392775056
"SP",2025-03-23,54648,10534.5,1398,23368,455,47711,241,124266,236,124266,44113.5,1946000882.25
"SP",2025-03-30,52158,11558,1398,27108,241,54823,236,141429,227,141429,40600,1648360000
"SP",2025-04-06,46191,11200,1876,27108,236,54018,236,124266,224,124453.275,34991,1224370081
"SP",2025-04-13,38213,10955,5178,27826,236,29820,236,70482,227,124266,27258,742998564
"SP",2025-04-20,39231,13732,1876,27826,528.6,44101,236,60261,144,70482,25499,650199001
"SP",2025-04-27,32553,8527,1714,18693,236,44101,144,52674.6999999999,144,70482,24026,577248676
"TO",2024-10-06,5,34,13,73,4,85,3,91,3,91,29,841
"TO",2024-10-13,7,42,20,71.5,6,91,4,91,3,110,35,1225
"TO",2024-10-20,14,42,18,66,4,82,3,94,3,97,28,784
"TO",2024-10-27,10,42,4,73,4,74,3,91,3,97.2499999999998,32,1024
"TO",2024-11-03,14,22,14,60,4,82.1,3,95,3,95,8,64
"TO",2024-11-10,13,29,14,94,11,95,11,95,3,133,16,256
"TO",2024-11-17,29,29,29,97.25,14,138,8,227,4,227,0,0
"TO",2024-11-24,18,38,22,138,8,227,5,227,4.975,227,20,400
"TO",2024-12-01,21,31.5,23,133,5,227,4,227,3,227,10.5,110.25
"TO",2024-12-08,30,84,24,227,11,227,5,227,3,227,54,2916
"TO",2024-12-15,16,38,23,226,14,227,5,227,4.975,805,22,484
"TO",2024-12-22,18,48.5,23,210,13,227,5,227,3,805,30.5,930.25
"TO",2024-12-29,31,88,33.75,227,13,297.3,8.95,810.4,3,1917,57,3249
"TO",2025-01-05,60,67,42,129,18,464,13,938,11,1459,7,49
"TO",2025-01-12,57,61,21,157.5,15.7,592,11,810,11,1459,4,16
"TO",2025-01-19,98,61,21,171,21,464,13,810,10.975,1224,37,1369
"TO",2025-01-26,85,94,26.25,463,21,656,13,741,2,1457.05,9,81
"TO",2025-02-02,99,129,49,513,30,656,21,864,13,3241.87499999998,30,900
"TO",2025-02-09,159,207,99,611,30,656,21,656,21,1566.25,48,2304
"TO",2025-02-16,129,173.5,49,489,37,656,21,1756.79999999996,20.925,40325,44.5,1980.25
"TO",2025-02-23,95,197,49,423,45,656,21,13732,13.975,45273.0749999997,102,10404
"TO",2025-03-02,99,241,122,451,58,716,33,11558,13.975,22956,142,20164
"TO",2025-03-09,99,244,123,451,58,740.1,38,11558,15,18693,145,21025
"TO",2025-03-16,112,259,123,513,64,716,37.9,9527.04999999995,13,18693,147,21609
"TO",2025-03-23,85,259,129,507,66,716,38,9527.04999999995,11.975,18693,174,30276
"TO",2025-03-30,157,305.5,122,631.5,64,740,29.95,10616.6,11.975,18695.5,148.5,22052.25
"TO",2025-04-06,157,236,118,518,69,749,53,8696.74999999991,21,18693,79,6241
"TO",2025-04-13,227,320.5,139,656,81,749,58,8696.74999999991,21,18693,93.5,8742.25
"TO",2025-04-20,271,227,122,636,81,749,58,8602,21,18838.45,44,1936
"TO",2025-04-27,315,236,122,513,88.8,749,58,8527,21,18693,79,6241
